{
  "width": 400.0,
  "height": 400.0,
  "resolution": 10,
  "obstacles": [
    {
      "id": "57cf0660",
      "name": "rack1",
      "x1": 60.240014648437494,
      "y1": 48.36002197265625,
      "x2": 162.2400146484375,
      "y2": 102.36002197265624
    },
    {
      "id": "2444f1a1",
      "name": "desk1",
      "x1": 47.0400146484375,
      "y1": 296.76002197265626,
      "x2": 104.6400146484375,
      "y2": 349.5600219726562
    },
    {
      "id": "59ddfd68",
      "name": "dispalyarea",
      "x1": 252.2400146484375,
      "y1": 50.76002197265625,
      "x2": 353.0400146484375,
      "y2": 301.5600219726562
    }
  ],
  "heat_map": []
}